{
  "S": {
    "MSE": 2769.891322581906,
    "RMSE": 52.62975700667737,
    "MAE": 49.28569589006418
  },
  "I": {
    "MSE": 235.05398066943704,
    "RMSE": 15.33147027096348,
    "MAE": 9.340918864082768
  },
  "R": {
    "MSE": 1990.3654592462449,
    "RMSE": 44.61351207029374,
    "MAE": 39.959293305411684
  }
}