{
  "N": 1000,
  "beta": 0.3185937067866326,
  "gamma": 0.12034159697592248
}